hospital_name,address,phone
Reese-Williams Hospital,"98558 Katherine Creek, Perezchester, LA 01686",
"Schmidt, Rasmussen and Meza Hospital","320 Latoya Keys Suite 072, Lake Kelseyborough, GA 93255",
Brooks Group Hospital,"51484 Adrian Drive, Port Michelleview, LA 16859",
Watkins PLC Hospital,"18717 Ashley Unions Apt. 394, West Anita, FM 89762",
Solomon-Anderson Hospital,"08373 Davis Roads, Port Tina, ND 00705",
Clark-Lara Hospital,"979 Donald Spur Suite 962, Port Kayla, OK 53937",
Irwin-Bullock Hospital,"862 Brian Ways, East Gregoryville, MI 12446",
"Anderson, Williamson and Colon Hospital","11674 Grant Crest, Port Joe, NE 42913",
Strickland Group Hospital,"44457 Hudson Ville, Thompsonton, FM 15280",
Lozano-Snyder Hospital,"3872 Gillespie Key, Port Gabrielfurt, IL 98377",
King Ltd Hospital,"2010 Blair Underpass, Ashleymouth, IN 04919",
Hernandez Group Hospital,"553 Rodriguez Ports Suite 061, Port Andrewfort, WA 36166",
Mitchell-Morales Hospital,"0459 Brown Oval Apt. 261, East Margaret, IL 84893",
Hutchinson LLC Hospital,"00762 Baker Land, Griffinburgh, FM 78702",
Fuentes-Miller Hospital,"355 Keith Drive, South Michelle, KS 09765",
"Bailey, Brooks and Gregory Hospital","PSC 0634, Box 0030, APO AP 43540",519.923.5002x512
Stanley Inc Hospital,"193 Yates Prairie Suite 742, Lake Jenniferfort, DE 85498",272-617-7869
Cummings-Thomas Hospital,"66267 Cameron Green Apt. 916, West Nicole, NJ 56322",001-246-606-0138x76578
"Reynolds, Padilla and Prince Hospital","18957 David Gateway, Draketown, WI 19124",+1-991-936-5416x7481
Huber-Cook Hospital,"8865 Danny Island Apt. 519, Clarkfort, ME 05162",303.580.6070x477
"Lynch, Watson and Carter Hospital","4173 Kirsten Wells, South Justin, ID 73058",(439)998-9044x7193
Fletcher and Sons Hospital,"605 Pierce Crescent, North Victoria, ME 14974",910-517-7623x7474
Brown-Martinez Hospital,"70703 Hopkins Ford Apt. 480, Laurenmouth, AZ 08837",657.513.2049x03502
Anderson-Montgomery Hospital,"1471 Gamble Junction, Richardberg, IA 95610",001-784-743-7051x77566
"Benton, James and Johnson Hospital","7269 Garcia Trace Suite 317, West Matthew, IL 99685",4223276786
"Stone, Hudson and Garcia Hospital","265 Garcia Plaza, Port Lindafort, VA 97483",(344)932-0661
"Dean, Jones and Miller Hospital","00021 Booth Prairie, Markshire, AS 56955",855.216.7548x90307
Higgins and Sons Hospital,"369 Katherine Lakes, Riddleside, FL 09292",732.581.3205x2740
"Davis, Miller and Rogers Hospital","61537 Lauren Tunnel Apt. 088, Dwayneview, DC 62425",+1-406-566-4161x853
"Hobbs, Moody and Boyd Hospital","365 Kathryn Mission Suite 955, West Bobbystad, AZ 86467",(549)344-5287x928
Smith-Stuart Hospital,"2229 Daniel Islands Suite 097, Reynoldsberg, KY 29254",870.586.1824x1362
"Walker, Salazar and Melton Hospital","115 Glenn Course Suite 474, Andersonburgh, CT 28670",(381)442-5708
"Russell, Graham and Carroll Hospital","97459 Jackson Isle, West Kelly, DC 07795",742.335.5984x952
Oconnell-Taylor Hospital,"32423 Miller Court, North Jenniferberg, RI 27057",913-983-1516x47764
Tapia-Chambers Hospital,"986 Russo Centers, New Lisaview, ME 92122",+1-850-388-2387x69126
"Johnson, Ruiz and Spencer Hospital","838 Drew Unions, East Cynthia, PR 65370",2678654926
Crawford Group Hospital,"85354 Huynh Squares Apt. 791, Scottbury, CA 93448",867-890-4472
Kelly and Sons Hospital,"24326 Martinez Inlet Suite 722, North Robertburgh, GA 98430",(314)671-1212
"Ortega, King and Hicks Hospital","374 Thomas Manor Suite 900, North Andrew, NC 90162",(303)764-7535x8926
Peterson-White Hospital,"7215 Gibson Loop Suite 157, Lauraborough, ME 56592",358-440-3730x58940
Johnson-Kim Hospital,"3273 Debra Point Apt. 514, New Ericton, NJ 89995",216-750-9483
"Little, Cox and Ford Hospital","622 Valentine Squares, Justinfort, VI 12549",001-876-847-6688x206
Sparks LLC Hospital,"4191 Bell Run, Guerrerofort, GA 59291",(569)628-7604
"Harmon, Adams and Smith Hospital","878 Hill Mall, New Marystad, MD 93625",862-575-3114x3491
Mcintosh Ltd Hospital,"84136 Gregory Isle, Andersonside, AL 15763",+1-716-755-9427
Wise and Sons Hospital,"1713 Collins Estate, East Elizabethmouth, IA 05719",725-953-7533
Jackson-Dominguez Hospital,"7846 Johnson Meadows, Smithborough, OK 44352",366.471.1672x0685
"Nguyen, Fuentes and Salazar Hospital","7869 Lucas Land, Langshire, MT 64310",(977)243-4472
"Smith, Cline and Irwin Hospital","288 Moses Views, Kimville, ME 79948",001-228-694-6217x06501
Johnson-Smith Hospital,"29159 Melissa Plains Suite 131, New Kevin, AL 48122",+1-551-296-1082x040
"Nichols, Sullivan and Smith Hospital","08989 Farmer Islands Apt. 315, Lake Julie, IN 21969",3767929869
"Wood, Wilson and Dorsey Hospital","Unit 2308 Box 8220, DPO AA 15357",628-494-2248x762
Luna-Larson Hospital,"28132 Tiffany Passage Suite 895, Mckenzieborough, IA 16488",001-332-370-8039x644
Grant-Cannon Hospital,"USNS Merritt, FPO AP 33185",(245)800-4257
"Caldwell, Smith and Johnson Hospital","9003 Nicholas Walks, New Xavierfort, DC 25329",(276)786-4402
Stanley-Graham Hospital,"793 Alyssa Inlet, Lake Charlesview, MH 26931",960-709-5495x87436
Rodriguez-Mcpherson Hospital,"5814 Clark Shoals Apt. 879, Katherineside, PW 97216",(975)309-3398x45289
Rhodes Group Hospital,"527 Willis Hollow, South Patrickside, MN 39061",(946)778-4116x4195
Santana-Poole Hospital,"96430 Patrick Well Apt. 963, East Darrellville, AL 05846",482.560.2733x234
Goodwin Ltd Hospital,"PSC 5931, Box 4350, APO AA 75556",8106992439
Nixon-Lee Hospital,"9961 Harris Fork, Tiffanymouth, KS 09356",(547)521-1985x95879
Anderson Inc Hospital,"85955 Ashley Circles Apt. 396, Riceborough, KS 08554",3887090916
Murray Ltd Hospital,"90622 Jillian Overpass Suite 059, West Aaron, VI 10263",001-411-203-7354x522
"Wood, Adams and Tucker Hospital","5133 Sharon Plains, Lake Janiceshire, WY 44647",202.351.4765x87897
Smith Inc Hospital,"11615 Friedman Ferry, Taraland, CT 33888",001-657-987-3666
Giles-Howell Hospital,"17209 Kelly Pines Apt. 525, Smithburgh, DE 64142",(913)661-0793
"Wood, Vaughan and Roth Hospital","27641 Robert Islands Apt. 518, Port Deborahborough, IN 74319",001-301-684-7325x788
"Edwards, Mccarthy and Kelly Hospital","596 Thomas Cape Suite 112, Rodriguezstad, NV 28535",4776758786
Mills-Benson Hospital,"Unit 7150 Box 3142, DPO AP 03011",806.943.1598x991
Gonzales-Morgan Hospital,"840 Fields Parkway, East Candacechester, IN 36348",+1-568-519-4329x41517
Snow Inc Hospital,"Unit 1315 Box 7137, DPO AP 35367",001-461-498-0403x765
Burns-Salas Hospital,"0491 Chris Squares, Shawfurt, MI 01606",5933520132
Roberts-Park Hospital,"21728 April View, Clarkport, DC 36563",001-935-243-1175x79934
"Moore, White and Robles Hospital","8034 Frank Loop Suite 351, Port Daniel, NC 96500",405.848.4098
Mcbride and Sons Hospital,"7849 Hull Land Suite 500, New Jeremiah, CA 84409",+1-816-762-8708x794
"Wilson, Evans and Smith Hospital","42384 Deanna Overpass, Rachelside, MN 66125",760-586-4606x561
Barnes PLC Hospital,"59977 Robbins Spurs Suite 087, South Lisa, NE 98975",+1-593-564-8097x8225
Howard-Howell Hospital,"512 Robin Cape Suite 845, Petersonmouth, NC 20654",(591)611-7419x66000
"Jackson, Hunt and Duncan Hospital","2363 Johnson Port Suite 546, Laurenside, IL 24035",621-821-1319x594
Lindsey-Benson Hospital,"63149 Joy Glen, Harrisonhaven, GU 04547",3324992051
Nichols-Andrews Hospital,"5373 David Mill Suite 835, North Louis, MN 67774",+1-254-793-2947x0146
Parker Ltd Hospital,"25900 Floyd Hills Suite 762, West Peter, FM 97639",+1-416-211-7896x1474
"Gonzalez, Sanchez and Hill Hospital","324 Ramirez Trail, Deannaborough, AK 72538",001-862-528-0172x756
Cardenas-Ferguson Hospital,"8821 Cynthia Lane, West Frankside, HI 83553",4786816498
Perry-Moyer Hospital,"USNV Ross, FPO AP 28784",(568)378-5238x7075
Alvarez-Neal Hospital,"0445 Maldonado Oval Suite 165, Feliciahaven, PR 65620",001-664-283-4650x45440
Elliott Ltd Hospital,"USS Cooper, FPO AP 72074",953.839.5252x2763
"Jones, Campbell and Freeman Hospital","64189 Keller Village Suite 060, New Cynthiaton, SC 77538",904.887.8942x03070
Mathis PLC Hospital,"551 Moore Shoals, Port Eric, UT 96147",001-591-788-5491x3411
Mccarthy LLC Hospital,"78632 Mary Shoal, Stevenmouth, DE 02916",253-517-3387x5688
"Buckley, Berry and Harris Hospital","81174 Allison Stravenue Suite 144, Gregoryton, MH 31890",(354)698-1083x02396
"Wilson, Gillespie and Kelly Hospital","34353 Russell Courts Suite 909, North Thomas, NC 34407",830.267.6769x6153
"Barrett, Flores and Martin Hospital","5564 Cassandra Grove, Wilsonville, FM 24777",8228671580
Brown-Gordon Hospital,"4443 Chelsea Ville Suite 994, Hallshire, OK 67829",+1-961-430-4882x261
"Galvan, Cameron and Franklin Hospital","5957 Caitlin Plains, East Charleschester, NJ 86441",452-337-6260x34581
"Williams, Lucas and Herrera Hospital","54523 Friedman Mall, North Jackie, NM 06311",9349029649
Garcia-Hart Hospital,"26827 Jason Inlet Apt. 788, Deanstad, NV 39273",416-330-4197x175
"Marks, Cole and Reid Hospital","5361 Elizabeth Prairie, Cherylborough, MS 23947",753.322.8133x6626
Hall-Paul Hospital,"33091 Bell Spring Suite 135, Murrayborough, IL 94492",480.920.2280x513
Barnett-Rodriguez Hospital,"Unit 9915 Box 6304, DPO AE 69931",570.279.5158x8599
"Zavala, Johnson and Guerra Hospital","5920 Adrian Greens Suite 308, Adamburgh, DC 09667",+1-747-679-4438x345
Parks PLC Hospital,"09813 Stephanie Expressway Suite 184, Port Wayne, MO 68678",957-400-8231
Garcia-Miller Hospital,"96418 Jessica Plain, Maynardstad, IA 37179",214.673.6621x468
"Price, Rodriguez and Morgan Hospital","2028 Kelley Plains Apt. 744, Sotobury, GU 84399",(396)292-6660x338
Herrera-Melton Hospital,"3174 Tate Square Suite 696, Gonzalezberg, NM 61836",001-989-222-4989x70124
Rocha Ltd Hospital,"7878 Holmes Lodge, Port Christophermouth, WI 87459",912.622.9347x4161
"Mason, Martin and Fernandez Hospital","07845 Blackwell Ranch, Brendabury, LA 40771",+1-622-493-7109x2733
"Murphy, Arnold and Bond Hospital","31340 Lauren Overpass Suite 939, New Robert, MP 81876",773.234.4222
Smith and Sons Hospital,"0914 Andre Course Suite 705, Samuelberg, NM 25816",231-858-5316
"Gonzalez, Woodard and Strickland Hospital","626 Jessica Locks Suite 084, East Erinburgh, OH 14396",747-486-0766
Johnson Inc Hospital,"256 Thompson Crescent Suite 548, West Thomas, MI 56505",545-895-7727
Gomez Ltd Hospital,"0998 Walsh Motorway, Patriciaview, MO 66965",3519419251
King and Sons Hospital,"Unit 2498 Box 7816, DPO AP 16724",626-425-9868x459
Hayes Ltd Hospital,"48634 Glenn Mill Apt. 310, Gregorytown, ME 21947",001-899-789-4644x2829
Jackson-Smith Hospital,"15032 Emily Ports Suite 632, Williamshaven, VT 19584",001-664-337-7138x06656
"Brown, Townsend and Brooks Hospital","742 Barr Estates Suite 396, Port Martinmouth, ME 62338",817.522.6178x51670
Wallace Ltd Hospital,"6422 Barrett Crossroad, Lake Wanda, AL 96462",552-879-2083x87641
Merritt-Johnson Hospital,"89949 Monica Burgs Apt. 168, Stephanieberg, NV 62161",320-589-7245
"Banks, Colon and Green Hospital","6773 Vargas Keys, Higginshaven, KY 59369",513-394-1537x63472
Baxter-Taylor Hospital,"01695 Smith Lakes, Gonzalezmouth, VA 34268",3224682324
Carr-Griffin Hospital,"13275 Williams Club Suite 341, North William, TX 72923",731.460.3499x87584
"Wyatt, Stout and Gay Hospital","95524 Lamb Radial Apt. 781, Davisside, WV 43859",362.767.3336x1263
Gonzalez LLC Hospital,"4638 Rivera Street, Greerside, WI 01481",(623)787-3670x63720
Barnett and Sons Hospital,"655 Eric Crescent Suite 157, West Christopher, PR 47094",981.899.7868
Herring-Stewart Hospital,"76542 Ramos Views, Lake Edwardburgh, IA 88621",(303)867-3583x4674
Bruce-Miranda Hospital,"4273 Robin Center, West Cindyshire, KS 63368",001-767-579-3188x154
Anderson Ltd Hospital,"80099 Holly Mall, Lake Jesseside, CO 94069",664-948-1893
Sullivan Inc Hospital,"62310 Smith Fort, North Leonard, TX 67415",001-389-944-0224
Valencia and Sons Hospital,"598 Webster Mountains Suite 347, West Justin, VT 68493",964.466.1461
Campbell-Ray Hospital,"80844 Faulkner Extensions Apt. 622, West Jessicatown, UT 75047",(824)933-5483
Lewis-Castro Hospital,"2898 Keith Glens Apt. 539, Perezfort, OK 34909",(896)650-9280x1060
"Stephens, Watson and Collins Hospital","125 Walker Corners, Lake Allisonside, CT 24632",558.754.0631
"Reynolds, Hunt and Wells Hospital","4071 Hunt Prairie Suite 233, South Zacharyland, WY 39672",988-638-2236x5417
Sullivan-Sutton Hospital,"8273 Michael Dale Suite 773, Willieborough, WV 55788",740.818.0817x655
Hernandez Ltd Hospital,"045 Hansen Causeway, West Gary, IA 22001",(735)967-9465x1183
Davis-Leon Hospital,"31006 Mary Hill, Gatesborough, NH 19689",001-942-905-7987
Simpson-Reynolds Hospital,"50680 Lawrence Hill Suite 435, West Brittney, SD 11136",565.392.9773x8912
Holmes LLC Hospital,"77221 Johnston Cove, Briannaburgh, LA 77694",2014705503
Vance LLC Hospital,"736 Cole Corner, Tonyamouth, MN 39471",388.362.9169
"Mcbride, Dixon and Rose Hospital","80713 Donald Cliff, South Olivialand, NY 87130",320.722.7187x9927
Lowery PLC Hospital,"6924 Jeffrey Drive, Sheaview, RI 73099",857-488-0094x9321
Dean-Lopez Hospital,"61525 Peter Junction Suite 664, Stewarttown, MH 91009",775.303.8841x5841
King-Ortiz Hospital,"Unit 1962 Box 0681, DPO AA 75288",(455)837-7634
Miles-Garcia Hospital,"USS Grant, FPO AP 39189",(685)982-1798x054
"Camacho, Johns and Mcmillan Hospital","082 Robert Radial, North Michelleborough, MS 87152",389-500-3921
Johnson-Olson Hospital,"3625 Bowers Ridge, South Johnmouth, KY 70248",+1-319-281-9471
Lee and Sons Hospital,"118 Gonzalez Streets Apt. 078, Odonnellport, VT 88899",+1-769-273-1324x425
Gallegos and Sons Hospital,"19293 Cortez Pines Suite 723, East Kathleenmouth, OK 28351",+1-351-642-2473x8122
Cook-Porter Hospital,"95910 Wilson Common Suite 507, Maciasland, MH 64755",(935)349-8741x8015
Rodriguez-Tucker Hospital,"090 Alexis View Suite 968, Dawntown, MI 37820",(787)795-6439x67636
Lopez-Kelly Hospital,"89787 Martinez Trace Apt. 462, New Jane, MP 70869",(805)898-4424
Hopkins-Mitchell Hospital,"9781 David Drives, Port Manuel, LA 33247",+1-598-206-7729x850
Oneal-Wright Hospital,"4897 Jennifer Meadow Suite 100, Lisaburgh, KY 86805",(385)959-0770
"Roberts, Castillo and Woodard Hospital","4714 Reed Springs Apt. 191, Navarroborough, AL 02447",001-894-471-1403x28147
Andrews-Melton Hospital,"867 Nicholas Causeway Apt. 099, Ronaldfort, TX 12694",4764594643
Solomon-Carey Hospital,"72395 Owen Hill, Gonzalezport, KS 90473",499.497.5073
"Lara, Fernandez and Jones Hospital","7852 Stanton Lake, West Michaelville, PR 27526",(998)403-8111x29995
Berry-Koch Hospital,"6055 Andrea Way Apt. 614, New Evelynview, OK 12118",739-399-5266x302
Berger LLC Hospital,"915 Park Falls, Davisberg, IN 91206",(792)979-6366x44124
"Thomas, Arias and Howard Hospital","41522 Gina Summit Suite 036, Michaelville, VT 66291",(614)245-3859
Delgado-Jackson Hospital,"76608 Kimberly Meadows Suite 755, Tammystad, MS 06469",(314)753-7910x0458
Davis Ltd Hospital,"59832 Katherine Hills Suite 422, East Rebeccastad, MH 33343",557.752.7406x82485
Calhoun Group Hospital,"68882 Andrew Isle Suite 055, Tashaburgh, WA 38445",+1-727-575-8947
Williams-Miller Hospital,"080 Rowland Mountain, East Christinetown, CO 96478",+1-852-840-0329x59833
Smith Inc Hospital,"56504 Calderon Islands Suite 638, Bonnieville, RI 22208",001-356-802-6575x74865
Turner-Mcdaniel Hospital,"75125 Karen Plaza, Charlesshire, TN 80430",805-381-6631
Moreno-Hughes Hospital,"94842 Williams Viaduct, Jessebury, NY 32276",424-891-3455x5349
"Evans, Wilkinson and Gutierrez Hospital","USS Douglas, FPO AA 83225",+1-842-920-9301x41043
Peterson-Johnson Hospital,"55142 Rios Turnpike Suite 412, New Kylehaven, VT 68083",874-646-4791x597
"Rhodes, Jones and Kim Hospital","91795 Kaylee Prairie, Gillton, IL 58607",7603609180
Rasmussen-George Hospital,"257 Jon Knoll Suite 500, Davenportburgh, IN 27061",001-448-360-1037x81908
"Archer, Phillips and Smith Hospital","799 Jonathan Freeway, Amandaland, ME 00805",2139526408
"Miller, Gomez and Barnes Hospital","311 Henry Knolls Suite 796, West Amyville, NC 98680",(533)358-4583
Oconnor-Shea Hospital,"3172 Black Point Apt. 137, South Shawn, NE 66297",488-621-2747x496
Harrington and Sons Hospital,"7797 Michele Spring, Johnsontown, NH 19441",(265)566-6177x65988
Freeman-Bryant Hospital,"PSC 3986, Box 5040, APO AA 76801",868.689.9827x40939
"Ward, Harrell and Patterson Hospital","19674 Patrick Way Apt. 904, Carolmouth, MO 31640",7046776530
Fisher and Sons Hospital,"471 Nicole Crossroad Apt. 515, Lake Carlosland, FL 54058",585-509-5435x396
"Hall, Noble and Oliver Hospital","6308 Anne Bypass Suite 145, South Craigfort, WI 83448",912.576.6168x7196
Reeves and Sons Hospital,"294 Joshua Union, Dixontown, UT 10275",426-795-3811x057
Haley and Sons Hospital,"7665 Nicole Valleys, South Anthonyfort, SC 48080",+1-587-440-0118
"Meyer, Foster and Calhoun Hospital","94932 Michael Knoll, Cynthiamouth, GU 94428",+1-304-422-1320x0507
Martin-Smith Hospital,"PSC 3199, Box 1992, APO AP 86233",5952095824
"Cox, Gomez and Crawford Hospital","13524 Christian Ways, West Victoria, HI 34538",6275320687
Sanders-Leon Hospital,"78436 Andrew Station Apt. 116, Jonathonhaven, NH 96748",751-582-2892
"Cross, Larson and Cooper Hospital","USNV Vasquez, FPO AP 60336",488.734.6499
"May, Valencia and Day Hospital","6708 Regina Glens, Diazhaven, MH 41205",671.336.2774
Harmon-Martin Hospital,"96744 Hall Shores Suite 074, East Richard, MH 98018",001-907-373-9323
"Campbell, Moss and Parker Hospital","504 Austin Garden Apt. 311, South Ashley, GA 57141",321-839-7049x09845
"Edwards, Ward and Hughes Hospital","21801 Olivia Stravenue Suite 995, North Yesenia, DC 62931",961-551-0863x49526
Mack Ltd Hospital,"08628 Edwards Expressway Apt. 035, Port Traciton, AK 38029",867.862.1750x81550
Baxter-Parrish Hospital,"79359 Martinez Stravenue, Brookefort, NM 09357",450.500.9659x98161
"Smith, Rios and Dixon Hospital","4043 Wilson Well, Lake Shari, TX 95712",+1-828-783-3998x1807
Daugherty PLC Hospital,"604 Martin Pines, Derekburgh, TX 63970",(684)483-2924x83992
Blake-Miles Hospital,"50216 Rose Shoal Suite 609, Beckyshire, ME 39023",229.528.7197
Braun Inc Hospital,"452 King Spur, New Lindsey, MH 58295",714-687-3918x367
Larsen Group Hospital,"PSC 8663, Box 4461, APO AA 69586",(556)531-5087x3994
Ortega-Parks Hospital,"3285 Ryan Lock, North Penny, VT 76934",+1-510-753-2766x7935
Diaz LLC Hospital,"05867 Sims Wall, Woodsshire, ME 35687",8143382556
Ramirez-Nguyen Hospital,"38903 Charles Garden Suite 744, New Shari, VT 39336",(220)871-3209x590
Evans PLC Hospital,"72398 Thornton Radial Apt. 248, Stevenbury, MS 49967",530.333.6269x11631
Harris Ltd Hospital,"4838 Austin Underpass Apt. 850, West Danielside, WA 31916",523.713.3177
"May, Davis and Crawford Hospital","5617 Alvarado Mission, Stevenstad, MI 52996",661-845-3341x4748
Robinson-Rhodes Hospital,"15997 Jennifer Ports Apt. 829, Jessicaborough, SD 53787",(523)920-9244x090
"Mcdowell, Collins and Simmons Hospital","USCGC Hancock, FPO AA 22750",001-374-238-2947x670
"Campos, Young and Braun Hospital","671 Rivera Falls, Port Connieside, MI 44211",8815537872
Jimenez-Green Hospital,"672 Denise Mount Suite 452, Lake Michaelside, LA 85103",240.643.4855x06377
Haynes Group Hospital,"69857 Martinez Mills Apt. 133, East Tara, TX 90680",+1-610-377-7049x535
Powers PLC Hospital,"PSC 2135, Box 4476, APO AP 05168",451-305-7753x729
Arnold Group Hospital,"6884 Daniel Expressway, Ramirezfort, NY 24412",(417)607-6885x701
Bryant-Schwartz Hospital,"961 Lisa Motorway, Port Aaronport, TX 20479",969.257.0370
Taylor Inc Hospital,"198 Gerald Dam Apt. 582, East Nathan, PR 49279",225-553-9337x29405
Hopkins Ltd Hospital,"977 Garcia Row Apt. 009, Melissamouth, MT 98494",(244)705-7316x103
Shaw-Lawrence Hospital,"3302 Downs Lakes Apt. 184, Kellerburgh, NJ 12562",7048646780
"Morales, Smith and Carlson Hospital","797 Lopez Springs Suite 917, Lake Christinatown, AL 56432",(363)922-4018x663
"Lewis, Holland and Sullivan Hospital","3858 Kari Trail, West Kristin, NM 68762",468-610-7968x6973
"Huang, Haley and Banks Hospital","8133 Khan Port Apt. 945, Grossmouth, MT 19539",873.357.2814x80199
Powell Group Hospital,"664 Jones Mountains, New Frederickland, MS 57435",446-672-3343
"Mcpherson, Evans and Gonzalez Hospital","USCGC Briggs, FPO AA 26820",372-614-2492x6257
"Lutz, Norris and Alexander Hospital","5860 Nicole Meadow, New Edwardside, TN 54060",726-393-6746x14092
Anderson and Sons Hospital,"0605 Ryan Expressway Suite 907, Jenniferbury, CT 14387",001-926-368-0465x8571
Adams-Bryant Hospital,"0733 Wagner Tunnel, East Travismouth, NM 10066",732.776.0057x08581
"Crawford, Evans and Chavez Hospital","08162 Young Burg, West Sara, DE 35468",(238)734-1707
"Taylor, Wilson and Mccann Hospital","837 Huffman Loaf Suite 331, Lake Brettton, NJ 24785",001-989-316-7915x71046
"Jones, Hernandez and Cobb Hospital","2617 Jackson Circles, Pettyborough, UT 17544",367.716.8180x336
Stokes PLC Hospital,"674 Gomez Dale, New Markshire, OR 15329",8357962602
"Singh, Crawford and Simpson Hospital","647 Michael Crest, Mooreville, NC 33729",001-611-846-9815
Villegas-Bradley Hospital,"231 Dana Summit, New Melissachester, CO 40772",775.436.9334x59422
"Salinas, Thomas and Leon Hospital","2259 Myers Islands, Josephville, PR 70847",792-347-7506
"Gonzalez, Hopkins and Snyder Hospital","270 Welch Walk, Lisaport, AK 45013",619-466-5757
Barber and Sons Hospital,"598 Moore Forks, Port Randallchester, HI 54298",4404475785
"Kirby, Mccann and Williams Hospital","Unit 0355 Box 0696, DPO AP 48673",001-473-313-7527x6794
"Tucker, Daniels and Martin Hospital","PSC 7757, Box 7396, APO AA 85868",905-734-4244
Vargas Inc Hospital,"87139 Gibson Stream Suite 792, Rodriguezview, IL 83952",+1-578-249-2120x55629
Houston Inc Hospital,"PSC 5500, Box 0001, APO AP 33039",974.752.0020
Gonzales Group Hospital,"68407 Smith Burgs, Lake Christyview, ND 91985",+1-606-491-4401x3013
"Villa, Martinez and Mcintyre Hospital","PSC 2324, Box 4270, APO AP 44454",371.424.2501x37513
Lopez-Lopez Hospital,"379 Morris Islands Apt. 913, Timothyside, KY 81632",001-832-325-5706
"Taylor, Ray and Lucas Hospital","32738 Bell Port, Laurenshire, RI 48985",9755433964
Randolph-Navarro Hospital,"757 Austin Oval Apt. 023, Amandafurt, IN 41074",+1-626-607-7425x073
Harper LLC Hospital,"88937 Dickerson Alley Apt. 328, East Curtis, FL 40274",+1-243-996-7430x49298
"White, May and Blackwell Hospital","3528 Rose Wall Apt. 918, West Sharon, FL 69282",833.651.4757
Steele-Harris Hospital,"143 Spencer Freeway Apt. 360, Port Andrew, AZ 52071",530-904-7940x569
"Hartman, Velez and Mccullough Hospital","84773 Hart Walk Suite 902, North Christineton, AS 17036",748.924.8613x336
Smith Inc Hospital,"22544 Tracy Inlet Suite 720, Maysside, WI 32539",+1-303-349-0721
Pena-James Hospital,"07566 Ortiz Island Suite 856, North Anthonyport, SC 54636",+1-364-213-2366x582
Perkins-Meyer Hospital,"2971 Angela Gateway Apt. 277, Hallstad, ME 18459",(482)669-7554x408
Martinez and Sons Hospital,"76805 Tran Tunnel, West Brendafort, IN 66378",222-226-9687x8571
Edwards-West Hospital,"975 Jacob Rapids Suite 802, Port Kellybury, IA 64340",+1-801-246-7684
Cobb and Sons Hospital,"38508 Marshall Spur Suite 641, New Natalieview, ME 04007",001-997-824-0316
Williams Inc Hospital,"6458 Adams Courts Apt. 023, South Jimmy, WV 70391",389-399-1000
"Cameron, Hobbs and Gibson Hospital","USCGC Hughes, FPO AE 03249",(527)786-3550
Flores and Sons Hospital,"Unit 0079 Box 6418, DPO AP 45315",818-854-2012x17946
Brown-Beck Hospital,"0721 Elizabeth Via, North Colefurt, IL 51214",+1-583-381-2659x77771
Thomas-Garcia Hospital,"16791 Pearson Loaf, Mooreton, VA 74039",(740)244-5386x1791
Chase-Mccoy Hospital,"2903 Jensen Well Suite 220, Diazchester, OH 75739",+1-337-270-0837x3990
Murray-Sharp Hospital,"86494 Rios Valley Apt. 981, Dylanchester, KS 66402",(526)697-4611x0984
Simmons-Davidson Hospital,"7957 Watson Terrace Apt. 195, West Mitchell, CT 38303",549-527-9656
Santos Ltd Hospital,"PSC 4899, Box 7964, APO AA 36298",5196688913
Russell and Sons Hospital,"131 Gonzalez Island, Jeffreytown, FL 06643",+1-695-958-7977
"Walter, Jones and Villarreal Hospital","569 Michael Point Suite 179, Krystaltown, SC 52498",440-492-3945x1629
Allen Group Hospital,"93652 Bryan Ways, Aliborough, OH 05112",900.218.8963x08993
"Dalton, Peterson and Hudson Hospital","508 Tracy Brook Suite 924, Lake Rebeccashire, ME 97600",+1-736-953-9539
Wilson Group Hospital,"2301 Hogan Mountain, Dustinview, AZ 97409",773.439.8283
Lee Group Hospital,"5889 Henderson Keys Apt. 907, West Kim, AS 54215",994.227.9705
"Campbell, Rodriguez and Rogers Hospital","75498 Jason Ports Apt. 828, Ericachester, AS 28222",6076989286
"Davis, Francis and Williams Hospital","872 Jill Run Apt. 903, Shahberg, FM 03955",936-313-3231x31152
Macdonald Inc Hospital,"7169 Brian Locks Apt. 795, Michaelside, WA 60796",001-211-506-5705
"Brooks, Martin and Dean Hospital","0895 Lopez Pines Apt. 260, Joshuahaven, OR 66737",+1-535-354-0533
"Frost, Atkinson and Anderson Hospital","0221 Amanda Brook, Jeanburgh, PR 94513",691.286.7971x21419
Burke-Norman Hospital,"5279 Jimmy Prairie, East Marieton, HI 85698",856-483-6595x19958
Smith LLC Hospital,"37494 Matthews Square, Saraville, CO 61454",001-882-843-8980x13024
Flynn Inc Hospital,"5795 Robert Hills, Jenniferton, OR 76113",001-637-555-8168x053
Marsh-Banks Hospital,"55603 Lynn Well, Hernandezfort, GA 62460",+1-696-275-9967
Waters-Hicks Hospital,"788 Harvey Valley, Lorishire, FL 66064",428.996.9083x786
Farrell-Wyatt Hospital,"3186 Gonzalez Spurs, Singhville, GU 46648",599.812.6762x37608
"Cox, Jones and Robinson Hospital","21083 Horn Land Suite 812, Adamland, UT 75170",001-422-342-9115x03697
Lee-Lee Hospital,"589 Matthew Path, East Joel, NE 53672",276-777-0827
"Gomez, Aguilar and Martinez Hospital","684 Donald Cliffs Suite 677, Yateschester, NJ 14230",001-548-741-8818x1628
Rodriguez PLC Hospital,"584 Davis Pass, Gonzalezland, NY 41977",7685357002
Smith LLC Hospital,"PSC 6812, Box 0550, APO AE 62306",(244)785-1050
"Perry, Moore and Brown Hospital","44228 Michelle Estate Suite 203, Danielleborough, MH 81850",820-991-0706
Sanchez-Robles Hospital,"9018 Patterson Freeway Apt. 773, Johnview, IA 24222",933.356.5741
"Lewis, Jones and Duncan Hospital","974 Andrew Estate, Port Veronicaborough, SD 33640",001-879-457-0356x624
Krueger Group Hospital,"726 Emily Shoal, Hawkinstown, NJ 95322",(849)735-1307
"Mitchell, Diaz and Wagner Hospital","47079 Jeremy Club Suite 983, Markmouth, TN 70771",+1-959-749-3399x89556
Henderson Inc Hospital,"1404 Reyes Pass Suite 688, East Richard, AL 61850",3439516900
"Brewer, Anderson and Lamb Hospital","83339 Jesse Ports Suite 698, East Kimberly, OK 34756",387.379.2849
French LLC Hospital,"680 Davis Prairie Suite 534, Mackstad, MS 37455",(650)991-3369x287
"Fowler, Moody and Estrada Hospital","2584 Herman Locks, Shawnstad, PW 86812",663.486.6314x6389
Choi Group Hospital,"Unit 5998 Box 8834, DPO AE 88390",001-606-219-8286x3808
Smith Ltd Hospital,"571 Steven Passage Suite 138, South Christina, NM 74835",+1-681-982-3002x13203
"Potts, Rose and Morgan Hospital","36783 Williams Mountain Suite 507, North Amandaville, OK 14055",944.982.1383
"Wise, Lang and Kaufman Hospital","960 Skinner Overpass Suite 166, New Kathleenville, MN 53553",588-968-5628x4057
"Price, Brown and Larson Hospital","6039 Jonathan Point, West Juliechester, OH 91548",(444)841-2029
Bell PLC Hospital,"849 Cynthia Roads Suite 797, Nathanchester, GU 50244",+1-422-312-5298x67242
Stewart-Turner Hospital,"94127 Gentry Motorway, Wigginshaven, MN 54397",+1-999-492-6172x361
"Rogers, Love and Orozco Hospital","57893 Stephen Burgs Apt. 385, Taylorton, FL 99767",274.206.4097x1231
"Wood, Tyler and Fuller Hospital","00710 Gilmore Drives Apt. 383, Greeneview, AZ 29171",+1-471-696-6053x4281
Lee Ltd Hospital,"70188 Shannon Crest Suite 567, Harrischester, ME 38375",(566)424-1541
Murphy-Stark Hospital,"591 Laura Coves Suite 734, East John, NC 03542",(402)406-4528x40815
"Owen, Greene and Lloyd Hospital","1225 Stephens Forge Suite 886, Colemanmouth, FL 48474",001-724-856-4994x14569
Jones Group Hospital,"8393 Lee Burgs, Brandibury, MA 55991",(571)399-7822
"Randolph, Fowler and Mccall Hospital","92527 Monica Loaf Suite 407, Laurentown, KY 72736",251.889.9114
Brown-Cline Hospital,"072 Lawrence Field Apt. 377, South Jennifermouth, WA 77946",(387)401-9501
"Johnston, Rodriguez and Walls Hospital","7177 Marilyn Isle, Lake Paula, NM 98323",(414)209-2675
"Baker, Johnson and Davis Hospital","474 Jacob Lakes Suite 073, North Kenneth, KY 47629",(525)479-1612
"Reed, White and Todd Hospital","2950 Tran Brook Suite 253, New Robertmouth, DE 85125",(875)277-8152
Tran PLC Hospital,"932 Gordon Road, South Larry, TN 05704",564.503.1094x850
Hernandez-White Hospital,"51710 Carr Villages Suite 684, South Andreamouth, ND 38427",(955)672-5306
Mitchell PLC Hospital,"2997 Isaac Rest Suite 923, West Kevinstad, VI 53874",3133642380
Graham-Santana Hospital,"4107 Gonzalez Circle, Smithhaven, ME 84511",713.482.0141
Burke-Fritz Hospital,"5335 Gonzalez Prairie, South Cynthiachester, WA 89202",980.593.9554
Wagner Group Hospital,"845 Martinez Orchard Apt. 985, East Josephburgh, OR 90576",(488)496-1697x6840
"Carpenter, Brooks and Jones Hospital","4827 Emily Lights Apt. 446, Colefort, PA 41776",+1-324-771-6383x8904
Rogers-Sharp Hospital,"PSC 7547, Box 8865, APO AP 14758",660-863-9426x026
Watson and Sons Hospital,"833 Washington Burg, Nancyland, GA 66501",726.429.4675x94249
"Johnson, Hall and Dixon Hospital","09872 Lowe Shoals Apt. 228, North Jeffery, RI 23828",661.446.5671
Lawrence Group Hospital,"Unit 8666 Box 8243, DPO AA 53218",(871)206-0529x740
Moore and Sons Hospital,"4596 Johnston Springs, Amberbury, ID 72231",259-924-5391x69590
Armstrong-Mills Hospital,"35925 Melanie Extension, Krystalfort, WY 19811",(934)691-9233x041
"Taylor, Vance and Giles Hospital","6934 Mckee Alley, North Kellyview, ID 10349",001-519-312-6391x17890
Lawrence-Rodriguez Hospital,"353 Hill Union, East Annaville, ND 66800",417-955-9091
Todd-Huynh Hospital,"3355 Short Meadows, Port Gregoryfurt, TN 61703",816-719-4445
Martinez LLC Hospital,"95233 Diana Passage Apt. 542, Smithbury, NJ 34767",7684953656
Snow and Sons Hospital,"62791 Lawson Mall Suite 828, Lake Ericburgh, NE 55632",949-369-6359
"Smith, Obrien and Adams Hospital","84247 Rodriguez Parkways, Brendaview, AS 39313",925-821-5658
Jordan-Meyers Hospital,"80090 Joseph Avenue, Amberburgh, MO 75614",501-468-0017x869
Cisneros-Palmer Hospital,"985 Danielle Ways Apt. 181, Colemanfurt, MT 84648",(762)941-8710x5475
Smith PLC Hospital,"95182 Smith Tunnel, Mandymouth, OR 40474",649.715.7521x707
Simmons-Humphrey Hospital,"9989 Hanna Spur, West Alexandra, MD 77353",922-274-8299
"Thomas, Butler and Kemp Hospital","51360 Diane Island Apt. 865, New Amychester, RI 26570",001-732-425-6330
Thomas LLC Hospital,"33973 Lauren Rapids Suite 124, West Richardhaven, AR 27358",727.844.7696x1504
Holland and Sons Hospital,"4770 Yolanda Summit Suite 959, Lake Tony, MN 04974",001-574-780-0276x756
Mejia-Espinoza Hospital,"45981 Cherry Stravenue Suite 619, East Kristin, IL 58145",6264754562
Richardson-Goodwin Hospital,"235 Randall Springs, Carrollshire, WA 82071",(745)240-1051x88195
Butler-Knight Hospital,"5989 Robert Fork Suite 423, East Christopher, NC 85577",001-208-612-0933x156
Marshall-Pham Hospital,"9266 Larry Trail Suite 544, Susanstad, MH 15572",+1-765-310-8818x79776
Rhodes-Griffin Hospital,"1673 Wilkinson Dale Apt. 043, North John, TX 37911",525-852-8451x860
"Murray, Bush and Murillo Hospital","28042 Lyons Harbor Suite 867, Larsenborough, OH 59181",794.575.7058x8741
"Ross, Oneal and Simpson Hospital","Unit 0053 Box 8212, DPO AE 13944",921.480.8233x7140
Logan and Sons Hospital,"634 Scott Run Suite 307, Danielborough, OK 97770",772.491.2020x3098
Brown-Perez Hospital,"49261 Matthew Curve, Port Alison, CO 39876",001-857-242-2717x0674
"Jacobs, Marshall and Clark Hospital","768 Griffin Walk, Jacksonview, FL 18608",6476195065
Peterson-Miller Hospital,"468 Jonathan Ridge, East Jenniferberg, TX 37454",+1-279-969-4553x031
"Romero, Young and Houston Hospital","54421 Jackson Ports, Cherylbury, MA 50936",281-619-6956
"Baker, Davis and Hubbard Hospital","80566 Marquez Creek Apt. 258, North Rachelside, FL 00536",+1-360-573-1474
"Lane, Mcintyre and Brown Hospital","47246 Nathaniel Spur, Aprilport, MT 97068",(922)216-1630x032
Walton Inc Hospital,"15881 Jessica Port, Marthaview, ND 74273",(301)933-6588
"Hayden, Allen and Valdez Hospital","283 Guzman Villages Suite 576, Gutierrezton, ME 56243",+1-649-341-6701x6141
Wright-Ramirez Hospital,"6718 Gilbert Trail Suite 301, North Matthew, TN 76657",880.723.1917x8750
Choi-Castaneda Hospital,"9527 Richards Lake, Monroeville, GU 96599",(263)752-7228
Walsh-Caldwell Hospital,"307 Parsons Mill Apt. 418, West Williamview, OH 87931",(561)224-7494x1608
"Hernandez, Wood and Mcintosh Hospital","2460 Alicia View, Fieldsmouth, LA 33985",619-510-2199
Tucker and Sons Hospital,"700 Jackson Trafficway, Christophertown, AZ 44093",(263)290-7123x9072
"May, Green and Trevino Hospital","50941 Michael Plains, South Elizabeth, UT 78627",+1-449-468-9242x0795
"Lopez, Smith and Rivera Hospital","8462 Nancy Haven, East Stacey, CA 85489",001-505-608-9578x3605
"Stanley, Harris and Brown Hospital","7703 William Neck Suite 996, Lake Jennifer, WV 37942",6886308280
Mitchell-Woods Hospital,"0597 Burnett Radial, Zimmermanborough, TX 64255",+1-870-312-8933x77513
Williamson-Tate Hospital,"USNS Morton, FPO AE 13441",+1-493-868-8102x6907
Thompson LLC Hospital,"550 Brooks Square, Stevenstown, GU 89071",807-441-9652x5817
"Stone, White and Gonzalez Hospital","83596 Jordan River Apt. 818, Nathanielland, AR 28873",806-762-0568x179
Thomas PLC Hospital,"965 Brown Underpass Apt. 613, Parkershire, UT 89924",261.641.9129
Rogers Group Hospital,"0769 Gabriel Shoals Suite 650, Michaelport, NM 36540",001-524-554-1134
"Rivera, Bray and Perez Hospital","901 Mejia Mountains, North Jeffborough, AL 17777",+1-691-904-9695x69212
Howard Inc Hospital,"57712 Alexander Isle, South Amytown, HI 17934",(423)230-4724x0277
Black and Sons Hospital,"0913 Mason Falls Apt. 873, Kimberlyfurt, LA 40277",473-394-7708x886
Romero and Sons Hospital,"314 Williams Fords Suite 205, Patrickside, WI 75989",(573)869-5172
"Burns, Padilla and Hatfield Hospital","42163 Ashley Route, Russellview, FM 75848",900-743-0193x91823
Martin-Ray Hospital,"093 Odonnell Summit Apt. 246, Garretttown, MN 42750",913.737.5773
Taylor-Baker Hospital,"14617 Hahn Stream Suite 720, East Shaneborough, PA 63257",710-575-4774x4259
Banks-Copeland Hospital,"USCGC Mann, FPO AP 59786",6696982566
"Fields, Galvan and Edwards Hospital","0217 Bryant Coves, East Amy, IL 68273",001-263-977-7573x6757
Miller-Odonnell Hospital,"12087 Katrina Locks Apt. 872, New Christopherfort, GU 78068",233.262.0649x5551
"Wagner, Henderson and Smith Hospital","3861 Natasha Valleys, Lisaland, MO 26281",353-986-5859x9505
Gonzalez and Sons Hospital,"011 Richard Plaza, South Theresaland, DC 41514",362-558-0494x8510
"Ramsey, Galvan and Padilla Hospital","39958 Kelly Trail Suite 706, West James, OH 90139",001-945-700-2061
Logan-White Hospital,"34986 Barr Expressway Apt. 302, North Lindsay, IA 25042",221-219-6056x85408
Murphy and Sons Hospital,"45692 Herrera Bridge, New Donna, NV 66311",7772352770
Jones-Hayes Hospital,"USCGC Hall, FPO AP 95121",795.293.3836
Marks Group Hospital,"0349 Lindsay River, Lisaton, VI 83237",847.670.6663
Brown Group Hospital,"8686 Wright Oval, Sarahville, FL 99168",433-742-9107x30368
Vega-Blackwell Hospital,"Unit 1621 Box 5414, DPO AP 45856",(291)538-1234
George-Burns Hospital,"533 Craig Alley, Kelleystad, OR 32968",863-417-1040x54025
"Ballard, Gallagher and Yoder Hospital","003 Moore Islands Apt. 474, South Brianchester, CA 22395",(221)871-6200
Carrillo and Sons Hospital,"91587 Clark Island, Port Gregfurt, AZ 56203",988-679-3680x53946
"Fisher, Brown and Adkins Hospital","1341 Willis Brooks Suite 717, Ashleyside, ID 83626",239.635.9335
"Hill, Hammond and Dean Hospital","12727 Robert Trail, West Cheryl, WA 88327",+1-491-818-0675x35809
Martinez-Ford Hospital,"176 Christopher Corners Apt. 768, Deckerland, MT 85321",452.990.6598
"Williams, Wood and Johnson Hospital","97095 Salazar Park Apt. 315, Danielbury, GA 55208",001-670-667-1758x6069
Johnson-James Hospital,"617 Regina Squares Apt. 061, Welchshire, MO 89746",834-868-2344x265
"Valdez, Johnson and Garcia Hospital","980 Angela Bypass, New Donna, NC 55728",6694362921
"Mclean, Mills and Owens Hospital","8072 Faulkner Hollow, East Isaiah, CO 28756",+1-639-253-1944x38893
Jennings and Sons Hospital,"5125 Michael Manors, Monicaland, MN 83975",001-237-815-7659x685
"Benjamin, Henry and Melendez Hospital","180 Smith Court, Amytown, FL 85840",317.996.3359
Perry-Bowman Hospital,"5570 Anthony Parks Suite 463, North Austinstad, MD 99212",269-845-4389x126
Ali-Howard Hospital,"22082 Kelley Common, Stephensport, MS 43842",704.649.6702
"Griffin, Francis and Baker Hospital","134 Phillips Road Suite 581, East Russellmouth, NJ 16668",294-659-8918x8006
Forbes-Robinson Hospital,"1784 Nicole Shores, Port Stevenchester, NJ 94329",+1-605-214-6375x7701
Pierce-Dunn Hospital,"35103 Amy Cove, East Dylan, GA 36043",366.979.9519
Martinez-Steele Hospital,"642 Freeman Crescent Apt. 705, East Stephanie, MT 87665",304-429-6578
"Reid, Carr and Kennedy Hospital","61681 Sarah Estate, West Tiffanyfurt, GU 38693",849.353.4529
Compton-Johnson Hospital,"07390 Doyle Brook Apt. 625, Richardsonville, PW 50905",001-495-357-4330
Mclean and Sons Hospital,"56114 Wright Estates, New Michael, RI 61663",+1-311-568-6091
Hernandez Ltd Hospital,"788 Davis Forest Apt. 336, Johnsonbury, CO 56768",(994)725-1027x30679
Thomas Inc Hospital,"10277 Johnson Forks, Jillton, UT 92427",925.959.6106x30053
Griffin Group Hospital,"05067 Denise Mountains Suite 636, Duncanchester, SC 68457",001-990-310-8160x242
"Duffy, Stephens and Mann Hospital","7470 Erica Mill Apt. 383, Howestad, DC 91788",(305)542-7017x16821
Miller Group Hospital,"6903 Seth Creek Apt. 781, New Joshuahaven, NE 52372",(783)216-8527x357
"Davis, Gibson and Thomas Hospital","981 Bradley Fields Suite 568, Jessicaville, GA 50249",001-776-277-1582x91737
Nunez-Torres Hospital,"619 Lisa Landing Suite 837, Foxport, SD 93043",(419)443-1543x241
Gray-Clark Hospital,"8115 Heather Unions, Jennifertown, HI 05408",280.803.9292x8242
"Miller, Smith and Vasquez Hospital","3977 John Ports Apt. 470, East Geoffrey, NM 66769",862.318.8045
Anderson-Riggs Hospital,"67059 Williams Trail, South Anthony, WY 51166",670-419-4086x099
Lewis-Hall Hospital,"2908 Jeffrey Ridge Suite 703, Morrisonborough, MD 08809",001-357-616-9634
Barnes-Ross Hospital,"4113 Dalton Ferry Suite 812, South Debbieberg, HI 97178",3043594874
Munoz Inc Hospital,"68159 Abbott Hill Suite 861, Williamsbury, OH 75272",(521)430-3828x1328
Johnson-Martin Hospital,"1930 Castro Circles Suite 483, East Darrellton, TN 14761",+1-256-334-0572x09661
Smith-Shaw Hospital,"05706 Lambert Groves Apt. 591, Port William, PR 29790",001-528-782-0614x78815
Coleman-Kidd Hospital,"78170 Kimberly Club Suite 529, Saramouth, MD 84412",575-205-9461
Mahoney Group Hospital,"46049 Melissa Plains, Macdonaldmouth, CA 94742",+1-933-861-9097
Cox PLC Hospital,"12010 Keith Mountains, Emilyhaven, WV 28424",782-948-3146x9808
Arnold LLC Hospital,"USS Jacobs, FPO AE 77520",001-807-760-7114
Pace Inc Hospital,"Unit 1838 Box 5156, DPO AE 00760",600-850-3502x327
Hawkins Inc Hospital,"78121 Alison Valleys, Derekton, MD 44900",(596)211-6712x86358
"Jones, Brown and Schneider Hospital","08414 Morrison Ford Suite 017, Joseville, NV 15083",+1-994-372-8553
"Hoover, Johnson and Schneider Hospital","0828 Dustin Forge, South Nicholas, RI 05202",+1-644-843-7095x5381
Ballard Inc Hospital,"5856 Jordan Valley Suite 142, Michelleport, FM 91643",890.630.5177x1696
Bond and Sons Hospital,"415 Cisneros Highway, Allenmouth, FM 34873",9293247094
"Hicks, Hammond and Rodriguez Hospital","0526 Belinda Divide Suite 540, East Elizabeth, OK 03495",8306151065
Montgomery Inc Hospital,"PSC 1667, Box 8922, APO AA 09959",430.224.1634x3717
Freeman-Smith Hospital,"445 William Mills Suite 737, Katherineside, VA 04014",251-326-2355
"Garcia, Burton and Golden Hospital","50119 Mcpherson Meadows, South Evan, CA 23381",439.906.3019x933
Luna Group Hospital,"38562 Hobbs Orchard, Lake Pamela, AS 88896",423.887.1694
Pope PLC Hospital,"7075 Michael Light Apt. 622, Judithbury, CT 88103",542.920.4701
Wong-Miller Hospital,"42038 Hanna Hill Suite 295, Medinabury, MT 69199",909.297.7107
Bell-Lopez Hospital,"04930 Sloan Summit Apt. 309, Douglasland, CT 34673",512.299.9031x24503
"Holden, Morris and Kim Hospital","71008 Daniels Estates, Jenniferville, MH 27707",(583)335-6893x57262
Cooper Ltd Hospital,"57670 Holden Mountain, North Stacey, ID 81130",479.414.9819x72428
"Clark, Strong and Rogers Hospital","9058 Amber Oval, Curtisview, CO 44478",237-551-5559
"Schmidt, Rice and Barry Hospital","PSC 8591, Box 7616, APO AA 41637",(242)268-9768
Williams Group Hospital,"227 Smith Trafficway, North Michele, MS 83052",+1-705-955-9050x8955
Lopez and Sons Hospital,"968 Andre Ramp Suite 034, Danielstad, WI 01921",+1-531-626-4884x793
Jones Group Hospital,"12903 Kevin Union Apt. 553, North Paul, MS 09186",330-374-5650
"Donaldson, Jimenez and Alvarez Hospital","915 Sampson Drive Apt. 281, New Josephborough, NC 90119",367-626-9046
"Benson, Benton and Phillips Hospital","76517 Gonzalez Crest, Campbellberg, AK 98449",818.721.2128
Garrison-Carr Hospital,"943 Khan Ridge, West Gregory, MO 21536",001-629-258-1670x13269
"Wilson, Bowen and Colon Hospital","5199 Richard Isle Suite 543, Port Ryan, MA 09678",872.893.9988x8982
Anderson-Powers Hospital,"127 Parker Mission Apt. 638, New Craigburgh, MS 04459",330-552-3217
"Vasquez, Esparza and Acosta Hospital","147 Howard Mountain Suite 092, Lake Michaelburgh, VT 66098",417-296-8412x79785
Reese-Williams Hospital,"98558 Katherine Creek, Perezchester, LA 01686",+1-945-567-3767x85908
"Schmidt, Rasmussen and Meza Hospital","320 Latoya Keys Suite 072, Lake Kelseyborough, GA 93255",901-694-1868x30875
Brooks Group Hospital,"51484 Adrian Drive, Port Michelleview, LA 16859",(372)774-4382x357
Watkins PLC Hospital,"18717 Ashley Unions Apt. 394, West Anita, FM 89762",861-838-6186x11121
Solomon-Anderson Hospital,"08373 Davis Roads, Port Tina, ND 00705",904-237-6428x32412
Clark-Lara Hospital,"979 Donald Spur Suite 962, Port Kayla, OK 53937",4965622559
Irwin-Bullock Hospital,"862 Brian Ways, East Gregoryville, MI 12446",803.852.3799
"Anderson, Williamson and Colon Hospital","11674 Grant Crest, Port Joe, NE 42913",+1-228-945-0159x6901
Strickland Group Hospital,"44457 Hudson Ville, Thompsonton, FM 15280",316-354-7150
Lozano-Snyder Hospital,"3872 Gillespie Key, Port Gabrielfurt, IL 98377",751.987.3601x2353
King Ltd Hospital,"2010 Blair Underpass, Ashleymouth, IN 04919",9214716605
Hernandez Group Hospital,"553 Rodriguez Ports Suite 061, Port Andrewfort, WA 36166",+1-606-282-0395
Mitchell-Morales Hospital,"0459 Brown Oval Apt. 261, East Margaret, IL 84893",4679371845
Hutchinson LLC Hospital,"00762 Baker Land, Griffinburgh, FM 78702",001-491-797-6313x4168
Fuentes-Miller Hospital,"355 Keith Drive, South Michelle, KS 09765",+1-264-295-9636x9484
"Bailey, Brooks and Gregory Hospital","PSC 0634, Box 0030, APO AP 43540",519.923.5002x512
Stanley Inc Hospital,"193 Yates Prairie Suite 742, Lake Jenniferfort, DE 85498",272-617-7869
Cummings-Thomas Hospital,"66267 Cameron Green Apt. 916, West Nicole, NJ 56322",001-246-606-0138x76578
"Reynolds, Padilla and Prince Hospital","18957 David Gateway, Draketown, WI 19124",+1-991-936-5416x7481
Huber-Cook Hospital,"8865 Danny Island Apt. 519, Clarkfort, ME 05162",303.580.6070x477
